﻿aalvarez,aalvarez@christking.org
abarletta,abarletta@christking.org
admin,administrator@christking.org
akennedy,akennedy@christking.org
andrewb,andrewb@christking.org
areeves,areese@christking.org
asartori,asartori@christking.org
asnyder,asnyder@christking.org
bsullivan,bsullivan@christking.org
bttech,BTTech@cks1937.onmicrosoft.com
bvalentino,bvalentino@christking.org
cardenAD,cardenAD@christking.org
cblasetti,cblasetti@christking.org
cfontaine,cfontaine@christking.org
cgottfried,cgottfried@christking.org
charper,charper@christking.org
cksadmin,cksadmin@christking.org
CKSteacher,CKSteacher@christking.org
ckstech_svc,ckstech_svc@christking.org
cwarren,cwarren@christking.org
cweisner,cweisner@christking.org
dclark,dclark@christking.org
dsteele,dsteele@christking.org
emcglone,emcglone@christking.org
emilywilliams,emilywilliams@christking.org
enagle,enagle@christking.org
FrankMurdica,fmurdica@christking.org
hpatrick,hpatrick@christking.org
ismith,ismith@christking.org
jmarcinko,jmarcinko@christking.org
jneiheiser,jneiheiser@christking.org
jstultz,jstultz@christking.org
kcallahan,kcallahan@christking.org
kcharper,kcharper@christking.org
kcupelli,kcupelli@christking.org
kdennison,kdennison@christking.org
kgaynor,kgaynor@christking.org
kjannetta,kjannetta@christking.org
kkandilakis,kkandilakis@christking.org
kkratzenberg,kkratzenberg@christking.org
kmunoz,kmunoz@christking.org
krledlie,krledlie@christking.org
ksmith,ksmith@christking.org
lharrell,lharrell@christking.org
lkester,lkester@christking.org
lmccurdy,lmccurdy@christking.org
lsmith,lsmith@christking.org
manderson,manderson@christking.org
mbryan,mbryan@christking.org
meboyle,meboyle@christking.org
mlowry,mlowry@christking.org
mtanzella,mtanzella@christking.org
mtereshinski,mtereshinski@christking.org
nsaporito,nsaporito@christking.org
obarrier,obarrier@christking.org
pfontaine,pfontaine@christking.org
pollyf,pollyf@christking.org
pquigley,pquigley@christking.org
PTipton,PTipton@christking.org
rbaer,rbaer@christking.org
rbertossi,rbertossi@christking.org
rmason,rmason@christking.org
rmcgahan,rmcgahan@christking.org
rnicpon,rnicpon@christking.org
rreynolds,rreynolds@christking.org
rsampson,rsampson@christking.org
rsmith,rsmith@christking.org
rstiles,rstiles@christking.org
rtemofeew,rtemofeew@christking.org
sarrol,sarrol@christking.org
sbentkowski,sbentkowski@christking.org
sblank,sblank@christking.org
sduran,sduran@christking.org
shric,shric@christking.org
skraft,skraft@christking.org
sMcgarity,sMcgarity@christking.org
smokry,smokry@christking.org
snapadmin,snapadmin@christking.org
sneal,sneal@christking.org
srvrusr,srvrusr@christking.org
Ssaporito,Ssaporito@christking.org
sschmid,sschmid@christking.org
ssmith,ssmith@christking.org
svcacct,svcacct@christking.org
tech,tech@christking.org
twitte,twitte@christking.org
wbanks,wbanks@christking.org
wgreer,wgreer@christking.org
wwright,wwright@christking.org
